Price,Area,Bedrooms,Bathrooms,Stories,Main Road,Guest Room,Basement,Hot Water Heating,Air Conditioning,Parking,Preferred Area,Furnishing Status_1,Furnishing Status_2
9205000.0,1.1565832741089548,1.5060925715908347,1.436584898136151,1.5860749405900276,1,0,0,0,1,1.5796404077184507,1,False,False
9205000.0,1.9250604134101483,1.5060925715908347,4.451753458409073,2.22971667001785,1,0,0,0,1,2.179155743516888,0,False,False
9205000.0,2.424071542826508,0.07109178222544127,1.436584898136151,0.2987914817343836,1,0,1,0,0,1.5796404077184507,1,True,False
9205000.0,1.1965041644622636,1.5060925715908347,1.436584898136151,0.2987914817343836,1,0,1,0,1,2.179155743516888,1,False,False
9205000.0,1.1565832741089548,1.5060925715908347,-0.5735274753791311,0.2987914817343836,1,1,1,0,1,1.5796404077184507,0,False,False
9205000.0,1.1965041644622636,0.07109178222544127,3.4466972716514332,-0.9884919771212606,1,0,1,0,1,1.5796404077184507,1,True,False
9205000.0,1.7354361842319317,1.5060925715908347,3.4466972716514332,2.22971667001785,1,0,0,0,1,1.5796404077184507,1,True,False
9205000.0,2.6935375527113417,2.2235929662735314,3.4466972716514332,0.2987914817343836,1,0,0,0,0,-0.8184209354752977,0,False,True
9205000.0,1.4959108421120793,1.5060925715908347,-0.5735274753791311,0.2987914817343836,1,1,1,0,1,1.5796404077184507,1,False,False
9205000.0,0.3232346879836346,0.07109178222544127,1.436584898136151,2.22971667001785,1,1,0,0,1,0.38060973612157656,1,False,True
9205000.0,2.6935375527113417,0.07109178222544127,-0.5735274753791311,0.2987914817343836,1,0,1,0,1,1.5796404077184507,1,False,False
9205000.0,0.44798747033772446,1.5060925715908347,3.4466972716514332,0.2987914817343836,1,1,1,1,0,1.5796404077184507,0,True,False
9205000.0,0.7224435915167221,1.5060925715908347,1.436584898136151,0.2987914817343836,1,0,0,0,1,0.38060973612157656,1,True,False
9205000.0,-0.7995403532031741,1.5060925715908347,1.436584898136151,0.2987914817343836,1,0,0,1,0,1.5796404077184507,0,False,False
9205000.0,1.3462075032871714,0.07109178222544127,1.436584898136151,0.2987914817343836,1,0,0,0,0,-0.8184209354752977,1,True,False
9100000.0,0.44798747033772446,1.5060925715908347,-0.5735274753791311,0.2987914817343836,1,0,1,0,0,1.5796404077184507,0,True,False
9100000.0,0.7473941479875401,1.5060925715908347,1.436584898136151,0.2987914817343836,1,1,1,0,1,0.38060973612157656,1,False,True
8960000.0,1.6955152938786229,0.07109178222544127,1.436584898136151,2.22971667001785,1,0,0,0,1,1.5796404077184507,0,False,False
8890000.0,-0.2506281108451787,0.07109178222544127,1.436584898136151,0.2987914817343836,1,1,0,0,1,1.5796404077184507,0,False,False
8855000.0,0.6575721446925954,0.07109178222544127,1.436584898136151,0.2987914817343836,1,0,0,0,1,0.38060973612157656,1,True,False
8750000.0,-0.39035122708175934,0.07109178222544127,-0.5735274753791311,0.2987914817343836,1,0,1,1,0,1.5796404077184507,0,True,False
8680000.0,1.0243453248136196,0.07109178222544127,1.436584898136151,-0.9884919771212606,1,1,1,0,1,1.5796404077184507,0,False,True
8645000.0,1.4709602856412611,0.07109178222544127,-0.5735274753791311,-0.9884919771212606,1,1,1,0,1,0.38060973612157656,0,False,False
8645000.0,-0.27058855602183307,0.07109178222544127,1.436584898136151,0.2987914817343836,1,1,1,0,1,0.38060973612157656,0,False,False
8575000.0,1.8452186327035307,0.07109178222544127,1.436584898136151,0.2987914817343836,1,0,0,0,1,1.5796404077184507,0,False,False
8540000.0,0.7174534802225585,1.5060925715908347,1.436584898136151,0.2987914817343836,1,1,1,0,1,1.5796404077184507,1,False,False
8463000.0,0.44798747033772446,0.07109178222544127,1.436584898136151,2.22971667001785,1,1,1,0,1,-0.8184209354752977,1,True,False
8400000.0,1.8826444674097578,0.07109178222544127,-0.5735274753791311,-0.9884919771212606,1,0,0,0,0,0.38060973612157656,0,True,False
8400000.0,1.4210591726996253,2.2235929662735314,1.436584898136151,0.2987914817343836,1,0,1,1,0,1.5796404077184507,0,False,True
8400000.0,0.19848190562954476,1.5060925715908347,1.436584898136151,0.2987914817343836,1,0,1,0,1,0.38060973612157656,1,True,False
8400000.0,1.1840288862268546,0.07109178222544127,1.436584898136151,2.22971667001785,1,0,0,0,1,1.5796404077184507,0,False,True
8400000.0,0.9469985997540838,0.07109178222544127,-0.5735274753791311,2.22971667001785,1,0,0,0,1,1.5796404077184507,0,True,False
8295000.0,-0.11090499460859807,1.5060925715908347,1.436584898136151,0.2987914817343836,1,0,0,0,1,0.38060973612157656,1,False,False
8190000.0,0.42802702516107005,0.07109178222544127,3.4466972716514332,0.2987914817343836,1,1,1,0,0,0.38060973612157656,0,False,True
8120000.0,0.8671568190474663,2.2235929662735314,-0.5735274753791311,0.2987914817343836,1,1,1,0,1,0.38060973612157656,0,False,False
8080940.0,0.9469985997540838,0.07109178222544127,1.436584898136151,2.22971667001785,1,0,0,0,1,1.5796404077184507,0,False,False
8043000.0,1.187521964132769,0.07109178222544127,1.436584898136151,1.5860749405900276,1,0,0,1,0,0.38060973612157656,1,False,False
7980000.0,1.9450208585868025,1.5060925715908347,1.436584898136151,2.22971667001785,1,0,0,0,1,1.5796404077184507,0,False,False
7962500.0,0.44798747033772446,0.07109178222544127,-0.5735274753791311,2.22971667001785,1,1,0,0,1,1.5796404077184507,0,False,True
7910000.0,0.44798747033772446,1.5060925715908347,1.436584898136151,2.22971667001785,1,0,0,0,1,0.38060973612157656,0,True,False
7875000.0,0.7224435915167221,0.07109178222544127,-0.5735274753791311,0.2987914817343836,1,0,1,0,1,-0.8184209354752977,1,False,False
7840000.0,0.6276314769276138,0.07109178222544127,1.436584898136151,2.22971667001785,1,0,0,0,1,-0.8184209354752977,1,False,False
7700000.0,0.687512812457577,0.07109178222544127,1.436584898136151,2.22971667001785,1,0,0,0,1,1.5796404077184507,0,False,True
7700000.0,0.44798747033772446,1.5060925715908347,1.436584898136151,2.22971667001785,1,0,0,0,0,1.5796404077184507,0,True,False
7560000.0,0.44798747033772446,1.5060925715908347,1.436584898136151,2.22971667001785,1,0,0,0,1,0.38060973612157656,0,False,False
7560000.0,0.44798747033772446,0.07109178222544127,1.436584898136151,1.5860749405900276,1,0,0,0,1,-0.8184209354752977,0,True,False
7525000.0,0.44798747033772446,0.07109178222544127,1.436584898136151,2.22971667001785,1,0,0,0,1,0.38060973612157656,0,False,False
7490000.0,0.7473941479875401,0.07109178222544127,-0.5735274753791311,2.22971667001785,1,0,0,0,1,2.179155743516888,1,False,False
7455000.0,-0.4003314496700865,0.07109178222544127,1.436584898136151,0.2987914817343836,1,0,1,0,0,0.38060973612157656,0,False,True
7420000.0,1.166563496697282,0.07109178222544127,1.436584898136151,-0.9884919771212606,1,1,1,0,1,-0.8184209354752977,1,True,False
7420000.0,1.166563496697282,0.07109178222544127,1.436584898136151,2.22971667001785,1,0,0,0,0,0.38060973612157656,1,False,True
7420000.0,0.6101660873980412,0.07109178222544127,-0.5735274753791311,2.22971667001785,1,0,0,0,1,0.38060973612157656,0,False,True
7350000.0,0.44798747033772446,1.5060925715908347,1.436584898136151,2.22971667001785,1,1,0,0,1,0.38060973612157656,0,False,False
7350000.0,0.023828010333818962,0.07109178222544127,1.436584898136151,2.22971667001785,1,0,0,0,1,1.5796404077184507,0,True,False
7350000.0,0.44798747033772446,0.07109178222544127,1.436584898136151,0.2987914817343836,1,1,0,0,1,0.38060973612157656,0,True,False
7350000.0,0.44798747033772446,0.07109178222544127,-0.5735274753791311,0.2987914817343836,1,0,0,0,1,0.38060973612157656,0,False,True
7343000.0,2.6935375527113417,1.5060925715908347,-0.5735274753791311,0.2987914817343836,1,0,1,0,0,0.38060973612157656,1,True,False
7245000.0,1.9450208585868025,1.5060925715908347,1.436584898136151,2.22971667001785,1,1,0,0,1,0.38060973612157656,1,False,False
7210000.0,1.2863261677572082,1.5060925715908347,1.436584898136151,2.22971667001785,1,1,0,0,1,0.38060973612157656,0,True,False
7210000.0,0.44798747033772446,0.07109178222544127,1.436584898136151,2.22971667001785,1,1,0,0,1,0.38060973612157656,0,False,False
7140000.0,0.44798747033772446,0.07109178222544127,1.436584898136151,0.2987914817343836,1,1,0,0,0,0.38060973612157656,0,True,False
7070000.0,1.8851395230568395,-1.363909007139952,-0.5735274753791311,-0.9884919771212606,1,0,0,0,1,0.38060973612157656,0,True,False
7070000.0,0.5677501413976507,1.5060925715908347,1.436584898136151,0.2987914817343836,1,0,0,0,1,0.38060973612157656,0,False,False
7035000.0,0.6276314769276138,1.5060925715908347,1.436584898136151,1.5860749405900276,1,0,0,0,1,1.5796404077184507,1,False,False
7000000.0,2.6935375527113417,0.07109178222544127,-0.5735274753791311,-0.9884919771212606,1,0,1,0,1,0.38060973612157656,1,False,False
6930000.0,1.8851395230568395,0.07109178222544127,1.436584898136151,0.2987914817343836,1,0,1,0,1,0.38060973612157656,0,False,False
6930000.0,2.6935375527113417,-1.363909007139952,-0.5735274753791311,-0.9884919771212606,1,0,1,1,0,0.38060973612157656,0,False,False
6895000.0,1.2963063903455354,0.07109178222544127,1.436584898136151,-0.9884919771212606,1,0,0,0,0,1.5796404077184507,0,False,True
6860000.0,0.44798747033772446,0.07109178222544127,-0.5735274753791311,-0.9884919771212606,1,0,0,0,1,0.38060973612157656,0,False,False
6790000.0,2.6935375527113417,1.5060925715908347,1.436584898136151,0.2987914817343836,1,0,0,0,0,1.5796404077184507,1,False,False
6790000.0,-0.5500347884949943,0.07109178222544127,1.436584898136151,0.2987914817343836,1,0,1,0,1,-0.8184209354752977,1,True,False
6755000.0,0.44798747033772446,1.5060925715908347,1.436584898136151,2.22971667001785,1,0,0,0,1,-0.8184209354752977,0,False,True
6720000.0,-0.041043436490307755,0.07109178222544127,-0.5735274753791311,2.22971667001785,1,0,0,0,1,-0.8184209354752977,1,False,True
6685000.0,0.7473941479875401,-1.363909007139952,1.436584898136151,2.22971667001785,1,0,1,0,0,-0.8184209354752977,1,False,False
6650000.0,-0.5300743433183399,0.07109178222544127,-0.5735274753791311,0.2987914817343836,1,0,1,1,0,0.38060973612157656,0,False,False
6650000.0,-0.4202918948467409,1.5060925715908347,1.436584898136151,0.2987914817343836,1,0,0,1,0,-0.8184209354752977,0,True,False
6650000.0,0.6575721446925954,0.07109178222544127,1.436584898136151,1.5860749405900276,1,0,0,0,1,-0.8184209354752977,1,False,False
6650000.0,0.6974930350459041,0.07109178222544127,1.436584898136151,1.5860749405900276,1,0,0,0,1,-0.8184209354752977,1,False,False
6650000.0,0.29828413151281663,0.07109178222544127,-0.5735274753791311,-0.9884919771212606,1,1,1,0,1,1.5796404077184507,1,False,False
6650000.0,0.44798747033772446,0.07109178222544127,1.436584898136151,1.5860749405900276,1,1,0,0,1,-0.8184209354752977,0,False,False
6629000.0,0.44798747033772446,0.07109178222544127,-0.5735274753791311,0.2987914817343836,1,0,0,1,0,0.38060973612157656,1,True,False
6615000.0,-0.5500347884949943,0.07109178222544127,1.436584898136151,0.2987914817343836,1,0,1,0,1,0.38060973612157656,0,True,False
6615000.0,2.6935375527113417,0.07109178222544127,1.436584898136151,-0.9884919771212606,1,0,1,0,1,0.38060973612157656,1,False,False
6580000.0,0.44798747033772446,0.07109178222544127,1.436584898136151,2.22971667001785,1,0,0,0,1,-0.8184209354752977,0,True,False
6510000.0,-0.6697974595549205,0.07109178222544127,-0.5735274753791311,0.2987914817343836,1,0,0,1,0,1.5796404077184507,0,True,False
6510000.0,1.5707625115245332,0.07109178222544127,1.436584898136151,1.5860749405900276,1,0,0,0,1,-0.8184209354752977,0,False,False
6510000.0,0.7823249270466852,0.07109178222544127,-0.5735274753791311,1.5860749405900276,1,0,1,0,0,-0.8184209354752977,1,False,True
6475000.0,-0.5699952336716487,0.07109178222544127,-0.5735274753791311,-0.9884919771212606,1,0,1,0,0,1.5796404077184507,0,True,False
6475000.0,1.1515931628147913,0.07109178222544127,-0.5735274753791311,-0.9884919771212606,1,1,1,0,1,1.5796404077184507,1,False,True
6440000.0,1.7354361842319317,2.2235929662735314,3.4466972716514332,0.2987914817343836,1,0,0,0,0,1.5796404077184507,0,False,False
6440000.0,-0.051023659078634945,0.07109178222544127,-0.5735274753791311,0.2987914817343836,1,0,0,0,1,-0.8184209354752977,0,True,False
6419000.0,0.822245817399994,-1.363909007139952,-0.5735274753791311,-0.9884919771212606,1,1,1,0,0,1.5796404077184507,1,False,False
6405000.0,-0.15082588496190683,0.07109178222544127,1.436584898136151,2.22971667001785,1,1,0,0,1,-0.8184209354752977,0,False,False
6300000.0,1.0468008256373558,0.07109178222544127,1.436584898136151,-0.9884919771212606,1,0,1,0,1,2.179155743516888,0,True,False
6300000.0,0.44798747033772446,1.5060925715908347,1.436584898136151,2.22971667001785,1,0,0,0,0,0.38060973612157656,0,True,False
6300000.0,-0.5001336755533584,0.07109178222544127,1.436584898136151,1.5860749405900276,1,0,0,0,1,1.5796404077184507,0,True,False
6300000.0,1.9450208585868025,0.07109178222544127,-0.5735274753791311,-0.9884919771212606,1,0,1,0,0,0.38060973612157656,1,False,False
6300000.0,0.6475919221042682,0.07109178222544127,-0.5735274753791311,-0.9884919771212606,1,1,1,0,1,0.38060973612157656,1,True,False
6293000.0,0.7473941479875401,0.07109178222544127,1.436584898136151,1.5860749405900276,1,0,0,0,1,-0.8184209354752977,1,False,True
6265000.0,0.44798747033772446,1.5060925715908347,-0.5735274753791311,1.5860749405900276,1,1,1,0,0,-0.8184209354752977,1,False,True
6230000.0,0.7473941479875401,0.07109178222544127,1.436584898136151,-0.9884919771212606,1,0,1,0,1,-0.8184209354752977,1,False,True
6230000.0,0.19848190562954476,0.07109178222544127,-0.5735274753791311,1.5860749405900276,1,0,0,0,0,0.38060973612157656,1,False,True
6195000.0,0.19848190562954476,0.07109178222544127,1.436584898136151,2.22971667001785,1,1,0,0,1,0.38060973612157656,0,True,False
6195000.0,0.6226413656334502,0.07109178222544127,1.436584898136151,1.5860749405900276,1,1,0,0,1,-0.8184209354752977,0,False,False
6195000.0,0.19848190562954476,0.07109178222544127,1.436584898136151,-0.9884919771212606,1,1,1,0,0,1.5796404077184507,1,False,False
6160000.0,-0.3005292237868146,0.07109178222544127,-0.5735274753791311,2.22971667001785,1,0,0,0,1,-0.8184209354752977,0,False,True
6160000.0,0.17353134915872678,1.5060925715908347,1.436584898136151,-0.9884919771212606,1,0,1,0,1,-0.8184209354752977,1,True,False
6125000.0,0.6575721446925954,0.07109178222544127,-0.5735274753791311,1.5860749405900276,1,0,1,0,0,-0.8184209354752977,1,False,True
6107500.0,-0.9292832468514275,1.5060925715908347,-0.5735274753791311,1.5860749405900276,1,0,0,0,0,0.38060973612157656,0,True,False
6090000.0,0.7548793149287855,1.5060925715908347,1.436584898136151,0.2987914817343836,1,1,0,1,0,0.38060973612157656,0,True,False
6090000.0,0.7473941479875401,0.07109178222544127,-0.5735274753791311,-0.9884919771212606,1,1,1,0,0,1.5796404077184507,1,True,False
6090000.0,1.631641869313329,0.07109178222544127,-0.5735274753791311,1.5860749405900276,1,0,0,0,1,1.5796404077184507,0,False,True
6083000.0,-0.4003314496700865,2.2235929662735314,1.436584898136151,0.2987914817343836,1,0,0,0,0,-0.8184209354752977,0,False,False
6083000.0,2.2544077588249456,0.07109178222544127,-0.5735274753791311,-0.9884919771212606,1,0,1,0,0,1.5796404077184507,1,False,False
6020000.0,0.8471963738708119,-1.363909007139952,-0.5735274753791311,-0.9884919771212606,1,1,1,0,0,1.5796404077184507,0,False,False
6020000.0,1.4460097291704432,0.07109178222544127,-0.5735274753791311,-0.9884919771212606,1,1,1,0,1,1.5796404077184507,1,True,False
6020000.0,0.8970974868124479,0.07109178222544127,1.436584898136151,-0.9884919771212606,1,1,1,0,0,-0.8184209354752977,1,False,True
5950000.0,-0.6997381273199021,1.5060925715908347,-0.5735274753791311,0.2987914817343836,1,1,0,0,1,-0.8184209354752977,0,False,False
5950000.0,0.6575721446925954,0.07109178222544127,-0.5735274753791311,-0.9884919771212606,1,0,1,0,1,-0.8184209354752977,1,False,False
5950000.0,0.956978822342411,0.07109178222544127,-0.5735274753791311,-0.9884919771212606,1,0,1,0,1,1.5796404077184507,1,True,False
5950000.0,0.7174534802225585,0.07109178222544127,-0.5735274753791311,-0.9884919771212606,1,1,1,0,0,1.5796404077184507,1,False,False
5950000.0,1.0622701706492628,0.07109178222544127,-0.5735274753791311,0.2987914817343836,1,1,1,0,1,-0.8184209354752977,1,True,False
5950000.0,0.5747362972094797,1.5060925715908347,1.436584898136151,-0.9884919771212606,1,0,1,0,0,0.38060973612157656,1,True,False
5950000.0,1.1066821611673188,1.5060925715908347,1.436584898136151,0.2987914817343836,1,0,0,0,0,-0.8184209354752977,0,False,False
5950000.0,0.7099683132813132,0.07109178222544127,1.436584898136151,2.22971667001785,1,0,0,0,0,0.38060973612157656,0,False,False
5943000.0,2.6935375527113417,0.07109178222544127,-0.5735274753791311,-0.9884919771212606,1,0,0,0,1,1.5796404077184507,0,True,False
5880000.0,1.0268403804607014,0.07109178222544127,-0.5735274753791311,-0.9884919771212606,1,0,1,0,0,1.5796404077184507,1,False,True
5880000.0,0.6974930350459041,0.07109178222544127,1.436584898136151,1.5860749405900276,1,0,0,0,1,-0.8184209354752977,0,False,True
5873000.0,0.19848190562954476,0.07109178222544127,-0.5735274753791311,1.5860749405900276,1,1,0,0,1,0.38060973612157656,0,False,False
5873000.0,2.6935375527113417,0.07109178222544127,-0.5735274753791311,1.5860749405900276,1,0,0,0,0,1.5796404077184507,1,True,False
5866000.0,-0.15082588496190683,0.07109178222544127,-0.5735274753791311,-0.9884919771212606,1,1,1,0,0,-0.8184209354752977,0,False,True
5810000.0,0.3621575560781106,1.5060925715908347,-0.5735274753791311,2.22971667001785,1,1,0,0,0,-0.8184209354752977,0,True,False
5810000.0,0.048778566804636936,0.07109178222544127,-0.5735274753791311,1.5860749405900276,1,0,0,0,1,-0.8184209354752977,0,True,False
5810000.0,-0.15082588496190683,0.07109178222544127,-0.5735274753791311,1.5860749405900276,1,0,0,0,1,-0.8184209354752977,0,False,True
5803000.0,0.9469985997540838,0.07109178222544127,-0.5735274753791311,-0.9884919771212606,1,0,1,0,0,1.5796404077184507,1,True,False
5775000.0,0.44798747033772446,0.07109178222544127,1.436584898136151,2.22971667001785,1,0,0,0,1,-0.8184209354752977,0,False,True
5740000.0,0.1485807926879088,1.5060925715908347,1.436584898136151,0.2987914817343836,1,0,0,0,1,1.5796404077184507,0,False,True
5740000.0,-0.2306676656685243,1.5060925715908347,-0.5735274753791311,0.2987914817343836,1,0,0,0,0,0.38060973612157656,0,True,False
5740000.0,-0.051023659078634945,0.07109178222544127,-0.5735274753791311,1.5860749405900276,1,0,0,0,1,-0.8184209354752977,0,True,False
5740000.0,0.6276314769276138,0.07109178222544127,-0.5735274753791311,-0.9884919771212606,1,1,1,0,1,1.5796404077184507,1,False,False
5740000.0,0.3481852444544526,0.07109178222544127,1.436584898136151,2.22971667001785,1,0,0,0,1,-0.8184209354752977,0,False,True
5652500.0,0.7773348157525216,1.5060925715908347,1.436584898136151,0.2987914817343836,1,1,1,0,0,0.38060973612157656,1,True,False
5600000.0,2.6935375527113417,1.5060925715908347,1.436584898136151,0.2987914817343836,1,0,0,0,0,0.38060973612157656,0,True,False
5600000.0,-0.15082588496190683,2.2235929662735314,1.436584898136151,1.5860749405900276,0,0,1,1,0,-0.8184209354752977,0,False,True
5600000.0,-0.20072699790354276,1.5060925715908347,-0.5735274753791311,0.2987914817343836,1,1,1,0,1,0.38060973612157656,0,False,False
5600000.0,-0.051023659078634945,0.07109178222544127,-0.5735274753791311,2.22971667001785,1,0,0,0,0,-0.8184209354752977,0,False,False
5600000.0,2.6935375527113417,-1.363909007139952,-0.5735274753791311,-0.9884919771212606,1,0,0,0,0,0.38060973612157656,0,True,False
5600000.0,0.19848190562954476,0.07109178222544127,1.436584898136151,0.2987914817343836,1,0,0,0,0,0.38060973612157656,0,True,False
5600000.0,0.6276314769276138,0.07109178222544127,-0.5735274753791311,1.5860749405900276,1,0,0,0,0,-0.8184209354752977,1,True,False
5600000.0,0.7473941479875401,1.5060925715908347,1.436584898136151,-0.9884919771212606,1,0,1,0,0,-0.8184209354752977,1,True,False
5600000.0,0.01684185452198993,0.07109178222544127,-0.5735274753791311,0.2987914817343836,1,1,1,0,1,-0.8184209354752977,1,False,True
5565000.0,-0.3504303367284506,1.5060925715908347,-0.5735274753791311,0.2987914817343836,1,0,0,0,1,1.5796404077184507,1,True,False
5565000.0,0.1485807926879088,2.2235929662735314,-0.5735274753791311,0.2987914817343836,1,1,1,0,1,-0.8184209354752977,1,False,False
5530000.0,-0.8993425790864459,0.07109178222544127,3.4466972716514332,0.2987914817343836,1,0,1,0,0,-0.8184209354752977,0,True,False
5530000.0,-0.7246886837907202,0.07109178222544127,1.436584898136151,0.2987914817343836,1,0,0,0,0,1.5796404077184507,0,True,False
5530000.0,0.49788858327936036,0.07109178222544127,1.436584898136151,-0.9884919771212606,1,0,1,0,0,1.5796404077184507,1,False,False
5523000.0,0.8970974868124479,0.07109178222544127,-0.5735274753791311,-0.9884919771212606,1,1,1,0,0,-0.8184209354752977,1,True,False
5495000.0,-1.1403649545945476,1.5060925715908347,1.436584898136151,0.2987914817343836,0,1,1,0,0,0.38060973612157656,0,False,False
5495000.0,1.436029506582116,0.07109178222544127,-0.5735274753791311,-0.9884919771212606,1,0,0,0,0,1.5796404077184507,0,True,False
5460000.0,-0.9741942484988998,0.07109178222544127,1.436584898136151,-0.9884919771212606,1,1,1,0,1,-0.8184209354752977,0,False,False
5460000.0,0.5527798075151599,1.5060925715908347,-0.5735274753791311,2.22971667001785,1,1,0,0,1,-0.8184209354752977,0,False,False
5460000.0,0.49788858327936036,0.07109178222544127,-0.5735274753791311,1.5860749405900276,1,1,0,0,1,-0.8184209354752977,1,True,False
5460000.0,0.7473941479875401,1.5060925715908347,1.436584898136151,0.2987914817343836,1,1,1,0,0,-0.8184209354752977,1,True,False
5425000.0,0.859671652106221,0.07109178222544127,-0.5735274753791311,-0.9884919771212606,1,1,1,0,1,-0.8184209354752977,1,True,False
5390000.0,0.8022853722233396,0.07109178222544127,1.436584898136151,0.2987914817343836,1,1,1,0,0,0.38060973612157656,1,False,False
5383000.0,0.6725424785750862,0.07109178222544127,1.436584898136151,-0.9884919771212606,1,1,1,1,0,-0.8184209354752977,0,False,True
5320000.0,1.3462075032871714,0.07109178222544127,-0.5735274753791311,-0.9884919771212606,1,0,1,0,1,1.5796404077184507,1,False,True
5285000.0,-0.2506281108451787,-1.363909007139952,1.436584898136151,-0.9884919771212606,1,0,0,0,1,1.5796404077184507,0,True,False
5250000.0,-0.4202918948467409,1.5060925715908347,-0.5735274753791311,0.2987914817343836,1,0,1,0,1,-0.8184209354752977,0,False,False
5250000.0,0.7174534802225585,1.5060925715908347,1.436584898136151,0.2987914817343836,0,0,0,0,1,-0.8184209354752977,0,True,False
5250000.0,0.19848190562954476,0.07109178222544127,1.436584898136151,-0.9884919771212606,1,0,1,0,0,-0.8184209354752977,0,True,False
5250000.0,2.5782659818161626,0.07109178222544127,-0.5735274753791311,-0.9884919771212606,1,0,0,0,0,0.38060973612157656,1,True,False
5250000.0,1.645614180936987,0.07109178222544127,-0.5735274753791311,0.2987914817343836,1,1,1,0,1,1.5796404077184507,1,False,True
5250000.0,0.09867967974627287,1.5060925715908347,1.436584898136151,-0.9884919771212606,1,0,0,0,1,-0.8184209354752977,1,False,True
5250000.0,-0.6498370143782662,0.07109178222544127,-0.5735274753791311,0.2987914817343836,1,1,1,0,0,0.38060973612157656,1,False,True
5250000.0,2.34422976211989,1.5060925715908347,1.436584898136151,0.2987914817343836,1,1,0,0,0,1.5796404077184507,0,True,False
5250000.0,1.70549551646695,0.07109178222544127,-0.5735274753791311,-0.9884919771212606,1,0,0,0,1,1.5796404077184507,0,False,False
5243000.0,0.4729380268085424,0.07109178222544127,-0.5735274753791311,-0.9884919771212606,1,0,1,0,0,-0.8184209354752977,1,True,False
5229000.0,0.9894145457544744,0.07109178222544127,-0.5735274753791311,-0.9884919771212606,1,1,1,0,0,1.5796404077184507,1,True,False
5215000.0,-0.959223914616409,0.07109178222544127,1.436584898136151,0.2987914817343836,1,0,0,0,0,1.5796404077184507,0,True,False
5215000.0,-0.3005292237868146,1.5060925715908347,1.436584898136151,-0.9884919771212606,0,0,1,0,1,1.5796404077184507,0,True,False
5215000.0,1.0468008256373558,0.07109178222544127,-0.5735274753791311,0.2987914817343836,1,1,1,0,0,0.38060973612157656,1,False,False
5145000.0,-0.8444513548506464,0.07109178222544127,-0.5735274753791311,0.2987914817343836,0,0,0,0,1,-0.8184209354752977,0,True,False
5145000.0,1.436029506582116,0.07109178222544127,-0.5735274753791311,-0.9884919771212606,1,0,0,0,0,0.38060973612157656,1,True,False
5110000.0,-1.0490459179113538,0.07109178222544127,1.436584898136151,0.2987914817343836,1,1,1,0,0,-0.8184209354752977,0,False,False
5110000.0,-1.0490459179113538,0.07109178222544127,-0.5735274753791311,0.2987914817343836,1,0,1,0,0,-0.8184209354752977,0,False,True
5110000.0,2.6935375527113417,-1.363909007139952,-0.5735274753791311,0.2987914817343836,1,0,0,0,0,-0.8184209354752977,1,False,False
5110000.0,0.49788858327936036,0.07109178222544127,-0.5735274753791311,-0.9884919771212606,1,0,1,0,1,-0.8184209354752977,1,True,False
5075000.0,0.30826435410114383,-1.363909007139952,-0.5735274753791311,0.2987914817343836,1,0,0,0,1,-0.8184209354752977,1,False,True
5040000.0,-0.7795799080265197,-1.363909007139952,-0.5735274753791311,-0.9884919771212606,0,1,1,0,0,-0.8184209354752977,0,True,False
5040000.0,1.2464052774038994,1.5060925715908347,-0.5735274753791311,0.2987914817343836,1,0,0,0,1,1.5796404077184507,0,False,False
5040000.0,2.6935375527113417,0.07109178222544127,-0.5735274753791311,0.2987914817343836,1,1,1,0,0,-0.8184209354752977,0,True,False
5040000.0,0.7473941479875401,0.07109178222544127,-0.5735274753791311,-0.9884919771212606,1,1,1,0,0,-0.8184209354752977,1,False,False
5033000.0,-0.15082588496190683,-1.363909007139952,-0.5735274753791311,-0.9884919771212606,1,1,1,0,0,-0.8184209354752977,0,True,False
5005000.0,1.5208613985828972,0.07109178222544127,1.436584898136151,-0.9884919771212606,1,1,1,0,0,-0.8184209354752977,0,True,False
4970000.0,-0.345440225434287,1.5060925715908347,3.4466972716514332,0.2987914817343836,1,0,1,0,0,1.5796404077184507,0,True,False
4970000.0,1.2893202345337065,0.07109178222544127,-0.5735274753791311,-0.9884919771212606,1,1,1,1,0,-0.8184209354752977,0,True,False
4956000.0,-1.1488481437946256,0.07109178222544127,1.436584898136151,0.2987914817343836,0,0,1,0,1,0.38060973612157656,0,True,False
4935000.0,0.4220388916080738,0.07109178222544127,-0.5735274753791311,0.2987914817343836,1,0,0,0,1,-0.8184209354752977,0,True,False
4907000.0,-0.45023256261172245,0.07109178222544127,-0.5735274753791311,0.2987914817343836,1,0,0,0,0,0.38060973612157656,0,False,False
4900000.0,-0.2905490011984875,0.07109178222544127,-0.5735274753791311,0.2987914817343836,1,0,1,0,1,-0.8184209354752977,0,True,False
4900000.0,-0.5026287312004402,0.07109178222544127,-0.5735274753791311,0.2987914817343836,0,1,1,0,1,-0.8184209354752977,0,True,False
4900000.0,-0.4901534529650312,-1.363909007139952,-0.5735274753791311,-0.9884919771212606,1,0,1,0,0,0.38060973612157656,0,True,False
4900000.0,0.1485807926879088,1.5060925715908347,-0.5735274753791311,0.2987914817343836,1,0,0,0,0,-0.8184209354752977,0,True,False
4900000.0,-0.1657962188443976,0.07109178222544127,-0.5735274753791311,-0.9884919771212606,1,1,1,0,0,-0.8184209354752977,0,True,False
4900000.0,0.5976908091626323,0.07109178222544127,-0.5735274753791311,-0.9884919771212606,1,0,0,0,1,1.5796404077184507,0,True,False
4900000.0,0.3481852444544526,-1.363909007139952,-0.5735274753791311,-0.9884919771212606,1,1,1,0,1,-0.8184209354752977,0,True,False
4900000.0,-1.0490459179113538,0.07109178222544127,-0.5735274753791311,0.2987914817343836,1,0,1,0,1,-0.8184209354752977,0,True,False
4900000.0,-1.0640162517938445,0.07109178222544127,-0.5735274753791311,1.5860749405900276,1,0,0,0,0,-0.8184209354752977,0,True,False
4900000.0,0.8072754835175032,0.07109178222544127,-0.5735274753791311,-0.9884919771212606,1,0,0,0,0,-0.8184209354752977,0,False,True
4900000.0,-0.22767359889202618,0.07109178222544127,-0.5735274753791311,0.2987914817343836,1,1,1,0,0,1.5796404077184507,0,True,False
4900000.0,2.6935375527113417,0.07109178222544127,-0.5735274753791311,-0.9884919771212606,1,0,0,0,0,1.5796404077184507,0,False,False
4893000.0,-0.8394612435564828,1.5060925715908347,1.436584898136151,0.2987914817343836,1,0,1,0,1,1.5796404077184507,0,True,False
4893000.0,-0.053518714725716746,1.5060925715908347,1.436584898136151,-0.9884919771212606,1,0,1,0,0,-0.8184209354752977,0,True,False
4865000.0,-0.37538089319926854,-1.363909007139952,-0.5735274753791311,-0.9884919771212606,1,0,1,0,0,-0.8184209354752977,0,False,True
4830000.0,-0.47019300778837686,0.07109178222544127,-0.5735274753791311,1.5860749405900276,1,0,0,0,0,-0.8184209354752977,0,False,True
4830000.0,0.4679479155143788,0.07109178222544127,-0.5735274753791311,-0.9884919771212606,1,0,0,0,0,1.5796404077184507,1,True,False
4830000.0,0.8781350638946263,0.07109178222544127,-0.5735274753791311,0.2987914817343836,1,0,0,0,1,1.5796404077184507,1,False,False
4830000.0,-0.14334071802066142,-1.363909007139952,-0.5735274753791311,-0.9884919771212606,1,0,0,0,1,-0.8184209354752977,1,True,False
4795000.0,0.9469985997540838,0.07109178222544127,-0.5735274753791311,0.2987914817343836,1,0,1,0,0,-0.8184209354752977,0,False,True
4795000.0,1.4959108421120793,1.5060925715908347,-0.5735274753791311,2.22971667001785,1,0,1,0,1,1.5796404077184507,0,True,False
4767000.0,-0.8394612435564828,1.5060925715908347,1.436584898136151,0.2987914817343836,1,0,0,0,0,-0.8184209354752977,0,True,False
4760000.0,2.0278567060699184,-1.363909007139952,-0.5735274753791311,-0.9884919771212606,1,0,1,0,1,1.5796404077184507,0,True,False
4760000.0,0.6081700428803758,0.07109178222544127,-0.5735274753791311,0.2987914817343836,1,0,1,0,1,0.38060973612157656,0,False,False
4760000.0,2.5637946590630882,-1.363909007139952,-0.5735274753791311,-0.9884919771212606,1,0,0,0,1,1.5796404077184507,1,False,True
4753000.0,0.6675523672809226,-1.363909007139952,-0.5735274753791311,-0.9884919771212606,1,0,0,0,1,2.179155743516888,0,True,False
4690000.0,0.03380823292214615,0.07109178222544127,-0.5735274753791311,2.22971667001785,1,0,0,0,1,-0.8184209354752977,0,True,False
4690000.0,0.44798747033772446,-1.363909007139952,-0.5735274753791311,-0.9884919771212606,1,0,1,0,1,0.38060973612157656,0,False,False
4690000.0,-0.7346689063790474,0.07109178222544127,-0.5735274753791311,0.2987914817343836,1,0,0,0,0,1.5796404077184507,0,True,False
4690000.0,2.2778612819075144,1.5060925715908347,1.436584898136151,0.2987914817343836,1,1,1,0,0,0.38060973612157656,0,True,False
4690000.0,0.1485807926879088,-1.363909007139952,-0.5735274753791311,0.2987914817343836,1,0,0,0,0,-0.8184209354752977,1,True,False
4690000.0,-0.39035122708175934,0.07109178222544127,-0.5735274753791311,-0.9884919771212606,1,0,0,0,0,-0.8184209354752977,1,True,False
4655000.0,-0.677282626496166,0.07109178222544127,-0.5735274753791311,0.2987914817343836,1,0,1,0,0,-0.8184209354752977,0,False,False
4620000.0,-0.47019300778837686,0.07109178222544127,-0.5735274753791311,-0.9884919771212606,1,1,1,0,1,-0.8184209354752977,0,False,True
4620000.0,-0.6099161240249574,0.07109178222544127,1.436584898136151,0.2987914817343836,1,0,1,0,0,1.5796404077184507,0,True,False
4620000.0,0.2883039089244894,0.07109178222544127,-0.5735274753791311,0.2987914817343836,1,1,0,0,1,0.38060973612157656,0,True,False
4620000.0,-1.1139173647354805,-1.363909007139952,-0.5735274753791311,0.2987914817343836,1,1,1,0,0,-0.8184209354752977,1,True,False
4620000.0,-0.04603354778447135,0.07109178222544127,-0.5735274753791311,0.2987914817343836,1,0,1,0,0,-0.8184209354752977,0,True,False
4613000.0,-0.295539112492651,1.5060925715908347,1.436584898136151,0.2987914817343836,1,0,1,0,0,-0.8184209354752977,0,True,False
4585000.0,-0.5500347884949943,0.07109178222544127,-0.5735274753791311,0.2987914817343836,1,0,0,0,0,0.38060973612157656,0,False,False
4585000.0,-0.6298765692016118,0.07109178222544127,-0.5735274753791311,0.2987914817343836,1,0,0,0,0,0.38060973612157656,1,True,False
4550000.0,-0.6697974595549205,0.07109178222544127,-0.5735274753791311,-0.9884919771212606,1,0,0,0,0,1.5796404077184507,0,True,False
4550000.0,-0.7296787950848838,0.07109178222544127,-0.5735274753791311,0.2987914817343836,1,0,0,0,1,-0.8184209354752977,0,False,False
4550000.0,-1.2736009261487156,0.07109178222544127,-0.5735274753791311,0.2987914817343836,1,0,1,0,0,-0.8184209354752977,0,False,False
4550000.0,0.10865990233460006,0.07109178222544127,-0.5735274753791311,0.2987914817343836,1,1,1,0,0,-0.8184209354752977,1,True,False
4550000.0,0.12862034751125442,0.07109178222544127,-0.5735274753791311,0.2987914817343836,1,0,0,0,0,1.5796404077184507,1,False,True
4550000.0,-0.7895601306148469,0.07109178222544127,-0.5735274753791311,-0.9884919771212606,1,0,0,0,0,-0.8184209354752977,1,True,False
4550000.0,1.645614180936987,1.5060925715908347,-0.5735274753791311,2.22971667001785,1,0,0,0,0,2.179155743516888,0,False,True
4543000.0,-0.5001336755533584,-1.363909007139952,1.436584898136151,-0.9884919771212606,1,1,1,0,0,-0.8184209354752977,0,True,False
4543000.0,-0.05601377037279854,1.5060925715908347,1.436584898136151,0.2987914817343836,1,1,1,0,0,-0.8184209354752977,1,False,False
4515000.0,-0.7945502419090105,0.07109178222544127,-0.5735274753791311,1.5860749405900276,1,0,0,0,0,-0.8184209354752977,0,True,False
4515000.0,-0.824490909673992,0.07109178222544127,-0.5735274753791311,0.2987914817343836,1,0,1,0,0,0.38060973612157656,0,True,False
4515000.0,2.3741704298848716,0.07109178222544127,-0.5735274753791311,-0.9884919771212606,1,0,0,0,0,-0.8184209354752977,0,True,False
4515000.0,-0.7895601306148469,-1.363909007139952,-0.5735274753791311,0.2987914817343836,1,0,0,0,0,-0.8184209354752977,1,False,False
4480000.0,-0.295539112492651,1.5060925715908347,-0.5735274753791311,0.2987914817343836,1,0,0,0,1,1.5796404077184507,0,True,False
4480000.0,0.3906011904548431,-1.363909007139952,-0.5735274753791311,-0.9884919771212606,1,0,0,0,1,0.38060973612157656,0,False,True
4480000.0,-0.5500347884949943,0.07109178222544127,-0.5735274753791311,0.2987914817343836,1,0,0,0,0,1.5796404077184507,0,False,False
4480000.0,1.5707625115245332,0.07109178222544127,-0.5735274753791311,-0.9884919771212606,1,0,0,0,0,-0.8184209354752977,0,False,False
4480000.0,-0.5300743433183399,0.07109178222544127,-0.5735274753791311,0.2987914817343836,1,0,0,0,0,0.38060973612157656,0,True,False
4473000.0,0.6276314769276138,-1.363909007139952,-0.5735274753791311,-0.9884919771212606,1,0,1,0,1,0.38060973612157656,0,False,False
4473000.0,-0.9682061149459035,0.07109178222544127,-0.5735274753791311,0.2987914817343836,1,0,0,0,1,0.38060973612157656,0,False,False
4473000.0,-0.7945502419090105,0.07109178222544127,-0.5735274753791311,0.2987914817343836,1,0,0,0,0,-0.8184209354752977,0,True,False
4445000.0,-0.6747875708490841,-1.363909007139952,-0.5735274753791311,-0.9884919771212606,1,1,1,0,0,-0.8184209354752977,0,True,False
4410000.0,-0.5660031446363178,0.07109178222544127,-0.5735274753791311,0.2987914817343836,0,0,0,0,0,-0.8184209354752977,0,True,False
4410000.0,-0.10092477202027088,-1.363909007139952,-0.5735274753791311,0.2987914817343836,1,0,1,0,0,-0.8184209354752977,0,True,False
4403000.0,-1.1089272534413168,0.07109178222544127,-0.5735274753791311,0.2987914817343836,1,0,0,0,0,-0.8184209354752977,1,True,False
4403000.0,-0.11090499460859807,0.07109178222544127,-0.5735274753791311,-0.9884919771212606,1,0,0,0,0,1.5796404077184507,1,False,True
4403000.0,-0.0909445494319437,0.07109178222544127,-0.5735274753791311,0.2987914817343836,1,0,0,0,0,0.38060973612157656,0,True,False
4382000.0,-0.07597421554945291,1.5060925715908347,-0.5735274753791311,0.2987914817343836,1,0,0,0,1,-0.8184209354752977,0,True,False
4375000.0,-0.5999359014366302,0.07109178222544127,-0.5735274753791311,0.2987914817343836,1,0,0,0,0,-0.8184209354752977,0,False,True
4340000.0,-0.3005292237868146,0.07109178222544127,1.436584898136151,1.5860749405900276,1,0,0,1,0,0.38060973612157656,0,False,False
4340000.0,-1.5954631046222674,2.2235929662735314,-0.5735274753791311,0.2987914817343836,0,0,1,0,0,-0.8184209354752977,0,True,False
4340000.0,-0.5126089537887674,0.07109178222544127,-0.5735274753791311,-0.9884919771212606,1,1,1,0,0,1.5796404077184507,0,True,False
4340000.0,-0.7995403532031741,1.5060925715908347,-0.5735274753791311,0.2987914817343836,1,0,0,0,0,1.5796404077184507,0,False,False
4340000.0,0.6725424785750862,1.5060925715908347,-0.5735274753791311,0.2987914817343836,1,0,0,0,0,-0.8184209354752977,0,True,False
4319000.0,-0.5340664323536708,-1.363909007139952,-0.5735274753791311,-0.9884919771212606,1,0,1,0,0,-0.8184209354752977,0,False,False
4305000.0,-0.3504303367284506,-1.363909007139952,-0.5735274753791311,-0.9884919771212606,1,0,0,0,0,0.38060973612157656,0,True,False
4305000.0,2.6236759945930515,-1.363909007139952,-0.5735274753791311,-0.9884919771212606,1,0,0,0,0,0.38060973612157656,1,True,False
4277000.0,-0.84944146614481,0.07109178222544127,-0.5735274753791311,0.2987914817343836,1,0,1,0,0,1.5796404077184507,1,True,False
4270000.0,0.6276314769276138,-1.363909007139952,-0.5735274753791311,-0.9884919771212606,1,0,0,0,0,-0.8184209354752977,0,False,False
4270000.0,0.6276314769276138,-1.363909007139952,-0.5735274753791311,0.2987914817343836,1,0,0,0,0,-0.8184209354752977,0,False,True
4270000.0,-0.3005292237868146,-1.363909007139952,-0.5735274753791311,-0.9884919771212606,1,0,0,0,1,1.5796404077184507,0,False,False
4270000.0,-1.4607300996798502,0.07109178222544127,-0.5735274753791311,0.2987914817343836,0,1,1,0,1,-0.8184209354752977,0,False,True
4270000.0,-0.37039078190510494,1.5060925715908347,-0.5735274753791311,0.2987914817343836,1,0,0,0,0,-0.8184209354752977,0,False,False
4270000.0,1.3312371694046805,-1.363909007139952,-0.5735274753791311,-0.9884919771212606,1,0,0,0,0,0.38060973612157656,0,False,False
4235000.0,0.772344704458358,0.07109178222544127,-0.5735274753791311,0.2987914817343836,1,1,0,0,0,-0.8184209354752977,0,True,False
4235000.0,-1.1553352884770383,0.07109178222544127,-0.5735274753791311,-0.9884919771212606,1,0,1,0,0,-0.8184209354752977,1,False,False
4200000.0,0.19848190562954476,0.07109178222544127,-0.5735274753791311,0.2987914817343836,1,0,0,0,1,-0.8184209354752977,0,False,True
4200000.0,-0.03106321390198057,0.07109178222544127,-0.5735274753791311,0.2987914817343836,1,0,1,0,1,-0.8184209354752977,0,False,True
4200000.0,0.37313580092527054,-1.363909007139952,-0.5735274753791311,-0.9884919771212606,1,1,1,0,0,1.5796404077184507,0,True,False
4200000.0,-1.243660258383734,1.5060925715908347,3.4466972716514332,0.2987914817343836,0,0,0,0,0,-0.8184209354752977,0,True,False
4200000.0,-1.0724994409939226,0.07109178222544127,-0.5735274753791311,0.2987914817343836,1,0,1,0,1,-0.8184209354752977,0,False,True
4200000.0,-1.1752957336536927,1.5060925715908347,1.436584898136151,0.2987914817343836,0,0,0,0,0,-0.8184209354752977,0,True,False
4200000.0,-0.345440225434287,-1.363909007139952,-0.5735274753791311,-0.9884919771212606,0,0,0,0,0,0.38060973612157656,0,False,True
4200000.0,-0.5500347884949943,1.5060925715908347,1.436584898136151,0.2987914817343836,0,0,0,0,0,-0.8184209354752977,0,True,False
4200000.0,-1.3858784302673963,0.07109178222544127,-0.5735274753791311,0.2987914817343836,0,0,0,0,0,-0.8184209354752977,0,True,False
4200000.0,-0.2506281108451787,0.07109178222544127,1.436584898136151,0.2987914817343836,1,0,0,0,1,0.38060973612157656,0,True,False
4200000.0,-0.7296787950848838,0.07109178222544127,1.436584898136151,0.2987914817343836,1,0,1,0,0,-0.8184209354752977,0,False,True
4200000.0,0.3481852444544526,0.07109178222544127,-0.5735274753791311,-0.9884919771212606,1,0,0,1,0,1.5796404077184507,0,True,False
4200000.0,0.9469985997540838,0.07109178222544127,-0.5735274753791311,-0.9884919771212606,1,0,0,0,0,2.179155743516888,0,False,False
4200000.0,-0.5106129092711019,0.07109178222544127,-0.5735274753791311,1.5860749405900276,1,0,0,0,0,-0.8184209354752977,0,True,False
4200000.0,-0.7895601306148469,0.07109178222544127,-0.5735274753791311,0.2987914817343836,1,0,0,0,0,-0.8184209354752977,1,True,False
4200000.0,-1.475700433562341,0.07109178222544127,-0.5735274753791311,1.5860749405900276,1,0,0,0,0,0.38060973612157656,1,False,True
4200000.0,-0.3005292237868146,0.07109178222544127,-0.5735274753791311,-0.9884919771212606,1,0,1,0,0,-0.8184209354752977,0,False,False
4193000.0,1.5707625115245332,0.07109178222544127,-0.5735274753791311,-0.9884919771212606,1,0,1,0,0,2.179155743516888,0,True,False
4193000.0,-0.824490909673992,0.07109178222544127,-0.5735274753791311,0.2987914817343836,1,0,0,0,0,0.38060973612157656,0,True,False
4165000.0,-0.13086543978525245,0.07109178222544127,-0.5735274753791311,0.2987914817343836,1,0,0,0,0,0.38060973612157656,0,True,False
4165000.0,-0.5101138981416856,0.07109178222544127,-0.5735274753791311,0.2987914817343836,1,0,0,0,0,1.5796404077184507,0,True,False
4165000.0,-0.5270802765418418,0.07109178222544127,-0.5735274753791311,0.2987914817343836,1,0,1,0,0,0.38060973612157656,0,True,False
4130000.0,-0.2346597547038552,1.5060925715908347,-0.5735274753791311,0.2987914817343836,1,0,0,0,1,-0.8184209354752977,0,True,False
4130000.0,0.44050230339647906,0.07109178222544127,-0.5735274753791311,-0.9884919771212606,1,0,1,0,0,-0.8184209354752977,0,True,False
4123000.0,0.477928138102706,-1.363909007139952,-0.5735274753791311,-0.9884919771212606,1,0,1,0,0,0.38060973612157656,0,True,False
4098500.0,-0.749639240261538,0.07109178222544127,-0.5735274753791311,-0.9884919771212606,1,0,1,0,1,-0.8184209354752977,1,False,False
4095000.0,-0.7097183499082294,0.07109178222544127,1.436584898136151,0.2987914817343836,1,0,0,0,0,-0.8184209354752977,0,True,False
4095000.0,-0.5300743433183399,-1.363909007139952,-0.5735274753791311,0.2987914817343836,1,0,0,0,0,0.38060973612157656,0,True,False
4095000.0,0.2483830185711807,-1.363909007139952,-0.5735274753791311,-0.9884919771212606,1,0,0,0,1,-0.8184209354752977,0,True,False
4060000.0,0.3980863573960885,1.5060925715908347,1.436584898136151,0.2987914817343836,0,0,1,0,0,0.38060973612157656,0,False,True
4060000.0,-0.05501574811396582,0.07109178222544127,1.436584898136151,0.2987914817343836,1,0,0,0,0,1.5796404077184507,0,False,True
4060000.0,-0.38037100449343214,0.07109178222544127,-0.5735274753791311,-0.9884919771212606,1,0,0,0,0,-0.8184209354752977,0,True,False
4060000.0,-1.0490459179113538,1.5060925715908347,-0.5735274753791311,1.5860749405900276,1,0,1,0,1,1.5796404077184507,0,True,False
4060000.0,-0.39035122708175934,0.07109178222544127,-0.5735274753791311,0.2987914817343836,1,0,0,0,0,1.5796404077184507,1,False,False
4025000.0,-0.7346689063790474,0.07109178222544127,1.436584898136151,0.2987914817343836,1,0,0,1,0,1.5796404077184507,0,True,False
4025000.0,-0.8195007983798284,0.07109178222544127,1.436584898136151,-0.9884919771212606,1,0,1,0,1,0.38060973612157656,0,False,False
4025000.0,0.1485807926879088,0.07109178222544127,-0.5735274753791311,-0.9884919771212606,1,0,0,0,0,2.179155743516888,0,True,False
4007500.0,-0.3005292237868146,0.07109178222544127,-0.5735274753791311,0.2987914817343836,0,0,1,0,1,-0.8184209354752977,0,True,False
4007500.0,-0.8195007983798284,1.5060925715908347,-0.5735274753791311,0.2987914817343836,1,0,0,0,1,-0.8184209354752977,0,True,False
3990000.0,-0.5001336755533584,1.5060925715908347,-0.5735274753791311,-0.9884919771212606,0,0,1,0,0,-0.8184209354752977,0,False,True
3990000.0,0.687512812457577,0.07109178222544127,-0.5735274753791311,0.2987914817343836,0,0,0,0,1,0.38060973612157656,0,True,False
3990000.0,-0.3005292237868146,0.07109178222544127,1.436584898136151,0.2987914817343836,0,0,1,0,1,-0.8184209354752977,0,True,False
3990000.0,-0.5699952336716487,0.07109178222544127,-0.5735274753791311,0.2987914817343836,1,0,0,0,0,-0.8184209354752977,0,False,False
3990000.0,-0.5250842320241764,-1.363909007139952,-0.5735274753791311,0.2987914817343836,1,1,1,0,0,-0.8184209354752977,1,False,True
3920000.0,1.0767414934023374,0.07109178222544127,1.436584898136151,-0.9884919771212606,1,1,1,0,0,2.179155743516888,0,False,False
3920000.0,0.19848190562954476,1.5060925715908347,-0.5735274753791311,0.2987914817343836,1,1,1,0,0,-0.8184209354752977,0,True,False
3920000.0,-1.0490459179113538,0.07109178222544127,-0.5735274753791311,0.2987914817343836,1,0,0,0,0,-0.8184209354752977,0,True,False
3920000.0,-0.9043326903806095,-1.363909007139952,-0.5735274753791311,-0.9884919771212606,1,0,0,1,0,0.38060973612157656,0,False,False
3920000.0,-0.6418528363076045,-1.363909007139952,-0.5735274753791311,-0.9884919771212606,1,0,1,0,1,1.5796404077184507,0,False,False
3920000.0,1.485930619523752,0.07109178222544127,-0.5735274753791311,-0.9884919771212606,1,0,0,0,1,1.5796404077184507,0,True,False
3920000.0,-1.475700433562341,1.5060925715908347,1.436584898136151,-0.9884919771212606,1,0,1,0,0,-0.8184209354752977,1,False,True
3885000.0,-0.6598172369665934,-1.363909007139952,-0.5735274753791311,0.2987914817343836,1,1,1,0,0,-0.8184209354752977,0,True,False
3885000.0,-0.959223914616409,1.5060925715908347,1.436584898136151,0.2987914817343836,1,0,0,0,0,-0.8184209354752977,0,False,False
3850000.0,0.09867967974627287,2.2235929662735314,1.436584898136151,0.2987914817343836,1,0,0,0,0,-0.8184209354752977,0,True,False
3850000.0,-0.959223914616409,-1.363909007139952,1.436584898136151,-0.9884919771212606,1,0,1,0,0,1.5796404077184507,0,True,False
3850000.0,1.0228482914253705,0.07109178222544127,-0.5735274753791311,0.2987914817343836,1,0,0,0,1,-0.8184209354752977,0,False,False
3850000.0,-0.5101138981416856,-1.363909007139952,-0.5735274753791311,-0.9884919771212606,1,0,0,0,0,-0.8184209354752977,0,True,False
3850000.0,-0.6248864579074482,-1.363909007139952,-0.5735274753791311,-0.9884919771212606,1,0,0,0,0,-0.8184209354752977,0,True,False
3850000.0,-1.5405718803864676,0.07109178222544127,-0.5735274753791311,0.2987914817343836,1,0,1,0,0,-0.8184209354752977,1,True,False
3850000.0,-1.460231088550434,-1.363909007139952,-0.5735274753791311,0.2987914817343836,1,1,0,0,0,-0.8184209354752977,1,True,False
3836000.0,-0.874392022615628,0.07109178222544127,-0.5735274753791311,0.2987914817343836,1,0,0,0,0,-0.8184209354752977,0,False,True
3815000.0,-0.9741942484988998,-1.363909007139952,1.436584898136151,-0.9884919771212606,0,0,1,0,0,-0.8184209354752977,0,True,False
3780000.0,-0.14084566237357962,0.07109178222544127,-0.5735274753791311,0.2987914817343836,1,0,0,0,0,-0.8184209354752977,0,True,False
3780000.0,-0.8394612435564828,-1.363909007139952,-0.5735274753791311,0.2987914817343836,1,0,0,1,0,0.38060973612157656,0,True,False
3780000.0,-0.749639240261538,-1.363909007139952,-0.5735274753791311,-0.9884919771212606,1,0,0,0,0,-0.8184209354752977,0,True,False
3780000.0,0.36315557833694334,-1.363909007139952,-0.5735274753791311,-0.9884919771212606,1,0,0,0,0,1.5796404077184507,0,False,True
3780000.0,-1.1209035205473095,0.07109178222544127,-0.5735274753791311,1.5860749405900276,1,0,0,0,0,-0.8184209354752977,1,False,False
3780000.0,1.645614180936987,-1.363909007139952,-0.5735274753791311,-0.9884919771212606,1,0,0,0,0,0.38060973612157656,0,False,False
3773000.0,1.5707625115245332,0.07109178222544127,-0.5735274753791311,-0.9884919771212606,1,0,0,0,0,1.5796404077184507,0,False,False
3773000.0,-1.2885712600312063,2.2235929662735314,1.436584898136151,-0.9884919771212606,0,0,1,0,1,0.38060973612157656,0,False,False
3773000.0,0.9120678206949386,1.5060925715908347,-0.5735274753791311,0.2987914817343836,0,0,0,0,0,0.38060973612157656,0,False,False
3745000.0,-0.8095205757915013,-1.363909007139952,-0.5735274753791311,-0.9884919771212606,1,0,0,0,0,-0.8184209354752977,1,True,False
3710000.0,-0.749639240261538,0.07109178222544127,-0.5735274753791311,-0.9884919771212606,1,0,0,0,0,0.38060973612157656,0,False,True
3710000.0,-0.5300743433183399,-1.363909007139952,-0.5735274753791311,-0.9884919771212606,1,0,0,0,0,-0.8184209354752977,0,True,False
3710000.0,0.45796769292605166,0.07109178222544127,-0.5735274753791311,-0.9884919771212606,1,0,0,0,0,-0.8184209354752977,0,True,False
3710000.0,-0.5250842320241764,-1.363909007139952,-0.5735274753791311,-0.9884919771212606,1,0,0,0,0,-0.8184209354752977,0,False,False
3710000.0,-0.7576234183321998,-1.363909007139952,-0.5735274753791311,-0.9884919771212606,1,0,0,1,0,-0.8184209354752977,0,True,False
3703000.0,-0.9891645823813906,0.07109178222544127,-0.5735274753791311,0.2987914817343836,0,0,1,1,0,-0.8184209354752977,0,True,False
3703000.0,0.17353134915872678,-1.363909007139952,-0.5735274753791311,-0.9884919771212606,1,0,0,0,0,-0.8184209354752977,0,False,False
3675000.0,-0.7346689063790474,-1.363909007139952,-0.5735274753791311,-0.9884919771212606,1,0,1,0,0,-0.8184209354752977,0,False,False
3675000.0,-0.7346689063790474,-1.363909007139952,-0.5735274753791311,-0.9884919771212606,1,0,0,0,1,-0.8184209354752977,0,False,True
3675000.0,0.2683434637478351,-1.363909007139952,-0.5735274753791311,-0.9884919771212606,0,0,0,0,0,-0.8184209354752977,0,True,False
3675000.0,-0.749639240261538,-1.363909007139952,-0.5735274753791311,-0.9884919771212606,1,0,0,0,0,-0.8184209354752977,0,False,False
3640000.0,-0.4103116722584137,-1.363909007139952,-0.5735274753791311,-0.9884919771212606,1,0,0,0,1,1.5796404077184507,0,True,False
3640000.0,-0.7646095741440289,0.07109178222544127,-0.5735274753791311,0.2987914817343836,1,0,1,0,0,-0.8184209354752977,0,True,False
3640000.0,-0.959223914616409,0.07109178222544127,-0.5735274753791311,0.2987914817343836,0,0,1,0,0,-0.8184209354752977,0,True,False
3640000.0,-1.0490459179113538,-1.363909007139952,-0.5735274753791311,0.2987914817343836,1,0,0,0,1,-0.8184209354752977,0,False,False
3640000.0,-0.7895601306148469,-1.363909007139952,1.436584898136151,-0.9884919771212606,1,0,1,0,0,-0.8184209354752977,0,True,False
3640000.0,0.42802702516107005,0.07109178222544127,-0.5735274753791311,0.2987914817343836,1,1,1,0,0,-0.8184209354752977,0,False,True
3640000.0,-0.4851633416708676,0.07109178222544127,1.436584898136151,0.2987914817343836,1,0,0,0,0,1.5796404077184507,0,True,False
3640000.0,-1.1238975873238077,0.07109178222544127,1.436584898136151,0.2987914817343836,0,0,1,0,0,-0.8184209354752977,1,False,True
3640000.0,-1.4108289867382142,0.07109178222544127,-0.5735274753791311,1.5860749405900276,1,0,0,1,1,-0.8184209354752977,1,True,False
3633000.0,-0.7895601306148469,0.07109178222544127,-0.5735274753791311,-0.9884919771212606,1,0,0,0,0,1.5796404077184507,1,False,True
3605000.0,-0.3005292237868146,-1.363909007139952,-0.5735274753791311,-0.9884919771212606,1,0,0,0,0,-0.8184209354752977,0,True,False
3605000.0,-0.5500347884949943,-1.363909007139952,-0.5735274753791311,-0.9884919771212606,1,0,0,0,0,-0.8184209354752977,1,True,False
3570000.0,-0.9741942484988998,0.07109178222544127,-0.5735274753791311,0.2987914817343836,1,0,1,0,0,-0.8184209354752977,0,False,False
3570000.0,-0.3005292237868146,1.5060925715908347,1.436584898136151,0.2987914817343836,1,0,1,0,0,1.5796404077184507,0,False,False
3570000.0,-0.3005292237868146,-1.363909007139952,-0.5735274753791311,-0.9884919771212606,0,0,0,0,0,-0.8184209354752977,0,False,False
3570000.0,-0.7296787950848838,-1.363909007139952,-0.5735274753791311,-0.9884919771212606,1,0,0,0,0,-0.8184209354752977,0,False,True
3535000.0,-0.6248864579074482,0.07109178222544127,-0.5735274753791311,-0.9884919771212606,1,0,0,0,0,1.5796404077184507,0,False,True
3500000.0,-0.4302721174350681,0.07109178222544127,-0.5735274753791311,0.2987914817343836,1,0,0,0,1,-0.8184209354752977,0,True,False
3500000.0,-0.7246886837907202,0.07109178222544127,-0.5735274753791311,0.2987914817343836,1,0,0,0,0,-0.8184209354752977,0,False,True
3500000.0,-0.2506281108451787,1.5060925715908347,-0.5735274753791311,0.2987914817343836,1,0,0,0,0,-0.8184209354752977,0,True,False
3500000.0,-1.4806905448565046,0.07109178222544127,1.436584898136151,0.2987914817343836,0,0,0,0,0,-0.8184209354752977,0,False,True
3500000.0,-1.0310815172523649,0.07109178222544127,-0.5735274753791311,0.2987914817343836,1,0,1,0,0,-0.8184209354752977,0,True,False
3500000.0,-0.5550248997891579,0.07109178222544127,-0.5735274753791311,0.2987914817343836,1,0,0,0,0,-0.8184209354752977,0,True,False
3500000.0,1.1585793186266202,0.07109178222544127,-0.5735274753791311,-0.9884919771212606,0,0,0,0,0,-0.8184209354752977,0,False,True
3500000.0,-0.8095205757915013,0.07109178222544127,-0.5735274753791311,-0.9884919771212606,0,0,0,0,1,-0.8184209354752977,0,False,True
3500000.0,-0.749639240261538,2.2235929662735314,-0.5735274753791311,0.2987914817343836,1,0,0,0,0,0.38060973612157656,0,False,True
3500000.0,-0.7296787950848838,-1.363909007139952,-0.5735274753791311,-0.9884919771212606,1,0,0,0,0,0.38060973612157656,0,True,False
3500000.0,0.3980863573960885,-1.363909007139952,-0.5735274753791311,-0.9884919771212606,1,0,0,0,0,0.38060973612157656,0,False,False
3500000.0,-0.9891645823813906,0.07109178222544127,-0.5735274753791311,0.2987914817343836,1,0,0,0,0,0.38060973612157656,0,False,True
3500000.0,1.1216524950498097,-1.363909007139952,-0.5735274753791311,-0.9884919771212606,1,0,0,0,0,0.38060973612157656,0,True,False
3500000.0,-0.7935522196501777,-1.363909007139952,-0.5735274753791311,-0.9884919771212606,1,0,0,0,0,0.38060973612157656,1,False,True
3500000.0,2.1945264232949824,0.07109178222544127,-0.5735274753791311,0.2987914817343836,1,0,0,0,0,2.179155743516888,1,False,True
3500000.0,0.3881061348077613,-1.363909007139952,-0.5735274753791311,-0.9884919771212606,1,0,0,0,0,-0.8184209354752977,0,False,True
3500000.0,2.6935375527113417,0.07109178222544127,-0.5735274753791311,-0.9884919771212606,1,0,0,0,0,-0.8184209354752977,0,False,True
3493000.0,-0.10092477202027088,0.07109178222544127,-0.5735274753791311,0.2987914817343836,0,0,0,0,0,-0.8184209354752977,0,False,True
3465000.0,-1.0191052501463722,0.07109178222544127,-0.5735274753791311,-0.9884919771212606,1,0,0,0,0,-0.8184209354752977,0,False,True
3465000.0,0.10865990233460006,-1.363909007139952,-0.5735274753791311,-0.9884919771212606,1,0,0,0,0,0.38060973612157656,1,False,True
3465000.0,-1.475700433562341,0.07109178222544127,-0.5735274753791311,1.5860749405900276,1,0,0,0,0,-0.8184209354752977,1,False,False
3430000.0,-0.5500347884949943,-1.363909007139952,-0.5735274753791311,-0.9884919771212606,1,0,0,0,0,-0.8184209354752977,0,False,True
3430000.0,-0.9567288589693272,-1.363909007139952,-0.5735274753791311,-0.9884919771212606,1,0,0,0,0,1.5796404077184507,0,False,True
3430000.0,-0.6248864579074482,0.07109178222544127,-0.5735274753791311,-0.9884919771212606,1,0,0,0,0,-0.8184209354752977,0,False,True
3430000.0,-1.475700433562341,0.07109178222544127,-0.5735274753791311,1.5860749405900276,1,0,0,0,0,-0.8184209354752977,1,False,False
3430000.0,-1.243660258383734,0.07109178222544127,-0.5735274753791311,0.2987914817343836,1,0,1,0,0,-0.8184209354752977,1,False,True
3430000.0,-1.573007603798531,0.07109178222544127,1.436584898136151,0.2987914817343836,1,0,1,0,0,-0.8184209354752977,1,False,True
3423000.0,-0.5300743433183399,-1.363909007139952,-0.5735274753791311,-0.9884919771212606,1,0,0,0,0,-0.8184209354752977,0,False,True
3395000.0,-0.15831105190315223,0.07109178222544127,-0.5735274753791311,0.2987914817343836,1,1,1,0,1,0.38060973612157656,0,False,False
3395000.0,-0.824490909673992,0.07109178222544127,-0.5735274753791311,-0.9884919771212606,1,0,1,0,0,1.5796404077184507,0,False,True
3395000.0,-0.7296787950848838,-1.363909007139952,-0.5735274753791311,-0.9884919771212606,1,0,0,0,0,-0.8184209354752977,0,False,False
3360000.0,-0.7995403532031741,1.5060925715908347,-0.5735274753791311,0.2987914817343836,1,0,0,0,1,1.5796404077184507,0,False,True
3360000.0,-0.07098410425528932,1.5060925715908347,-0.5735274753791311,1.5860749405900276,0,0,0,0,0,-0.8184209354752977,0,True,False
3360000.0,-0.4901534529650312,-1.363909007139952,-0.5735274753791311,0.2987914817343836,1,0,0,0,0,-0.8184209354752977,0,False,True
3360000.0,-0.1757764414327248,-1.363909007139952,-0.5735274753791311,-0.9884919771212606,1,0,0,0,0,-0.8184209354752977,0,False,True
3360000.0,-0.689757904731575,-1.363909007139952,-0.5735274753791311,-0.9884919771212606,0,0,0,0,1,-0.8184209354752977,0,False,True
3360000.0,-0.6747875708490841,0.07109178222544127,-0.5735274753791311,-0.9884919771212606,1,0,0,0,0,-0.8184209354752977,0,False,True
3360000.0,-0.9991448049697178,0.07109178222544127,-0.5735274753791311,0.2987914817343836,0,0,1,0,0,-0.8184209354752977,0,True,False
3360000.0,-0.9567288589693272,-1.363909007139952,-0.5735274753791311,-0.9884919771212606,1,0,1,0,0,1.5796404077184507,0,False,False
3353000.0,-1.1987492567362616,0.07109178222544127,-0.5735274753791311,-0.9884919771212606,0,0,0,0,0,-0.8184209354752977,0,False,False
3332000.0,-1.475700433562341,0.07109178222544127,-0.5735274753791311,0.2987914817343836,1,0,1,0,0,-0.8184209354752977,1,False,False
3325000.0,-0.5300743433183399,-1.363909007139952,-0.5735274753791311,-0.9884919771212606,1,0,0,0,0,0.38060973612157656,0,False,True
3325000.0,-0.1633011631973158,1.5060925715908347,-0.5735274753791311,0.2987914817343836,1,0,0,0,0,-0.8184209354752977,0,False,True
3290000.0,-1.2985514826195335,-1.363909007139952,-0.5735274753791311,-0.9884919771212606,0,0,0,0,1,-0.8184209354752977,0,False,True
3290000.0,-0.959223914616409,1.5060925715908347,-0.5735274753791311,0.2987914817343836,1,0,1,0,1,-0.8184209354752977,0,False,True
3290000.0,0.477928138102706,0.07109178222544127,-0.5735274753791311,-0.9884919771212606,1,1,1,0,0,-0.8184209354752977,0,False,False
3290000.0,-0.8095205757915013,1.5060925715908347,-0.5735274753791311,0.2987914817343836,0,0,0,0,0,0.38060973612157656,0,True,False
3290000.0,-0.6538291034135971,1.5060925715908347,-0.5735274753791311,0.2987914817343836,1,0,0,0,0,-0.8184209354752977,0,True,False
3290000.0,-0.5300743433183399,-1.363909007139952,-0.5735274753791311,-0.9884919771212606,1,0,0,0,0,-0.8184209354752977,0,False,True
3290000.0,-1.475700433562341,0.07109178222544127,-0.5735274753791311,0.2987914817343836,1,0,1,0,0,-0.8184209354752977,1,False,False
3290000.0,0.3881061348077613,0.07109178222544127,-0.5735274753791311,-0.9884919771212606,1,0,0,0,0,0.38060973612157656,0,False,True
3255000.0,-0.3005292237868146,-1.363909007139952,-0.5735274753791311,-0.9884919771212606,0,0,0,0,0,-0.8184209354752977,0,True,False
3255000.0,-0.5849655675541395,-1.363909007139952,-0.5735274753791311,-0.9884919771212606,0,0,0,0,0,-0.8184209354752977,0,False,True
3234000.0,-0.7296787950848838,1.5060925715908347,-0.5735274753791311,0.2987914817343836,1,0,1,0,0,-0.8184209354752977,0,False,True
3220000.0,-0.36540067061094134,0.07109178222544127,-0.5735274753791311,0.2987914817343836,1,0,0,0,0,-0.8184209354752977,0,False,True
3220000.0,-1.2067334348069232,-1.363909007139952,-0.5735274753791311,-0.9884919771212606,1,0,0,0,1,0.38060973612157656,0,False,True
3220000.0,-0.39035122708175934,0.07109178222544127,-0.5735274753791311,-0.9884919771212606,0,0,0,0,0,0.38060973612157656,0,False,True
3220000.0,-0.9891645823813906,0.07109178222544127,-0.5735274753791311,0.2987914817343836,0,0,0,0,0,-0.8184209354752977,0,False,False
3150000.0,-0.824490909673992,-2.7989097965053453,-0.5735274753791311,-0.9884919771212606,1,0,0,0,0,-0.8184209354752977,0,False,False
3150000.0,-0.5570209443068234,-1.363909007139952,1.436584898136151,-0.9884919771212606,0,1,1,0,0,0.38060973612157656,0,False,True
3150000.0,-0.7995403532031741,-1.363909007139952,-0.5735274753791311,-0.9884919771212606,0,0,1,0,0,-0.8184209354752977,0,True,False
3150000.0,-0.5026287312004402,-1.363909007139952,-0.5735274753791311,-0.9884919771212606,1,0,0,0,0,1.5796404077184507,0,True,False
3150000.0,-1.7227109426234388,0.07109178222544127,-0.5735274753791311,0.2987914817343836,0,0,1,0,0,-0.8184209354752977,0,False,True
3150000.0,-0.824490909673992,0.07109178222544127,-0.5735274753791311,0.2987914817343836,1,0,1,0,0,-0.8184209354752977,0,True,False
3150000.0,0.822245817399994,-1.363909007139952,-0.5735274753791311,-0.9884919771212606,1,0,0,0,0,-0.8184209354752977,0,True,False
3150000.0,1.9450208585868025,0.07109178222544127,-0.5735274753791311,0.2987914817343836,1,0,0,0,0,1.5796404077184507,0,True,False
3150000.0,-1.014614149981625,-1.363909007139952,-0.5735274753791311,-0.9884919771212606,1,0,0,0,0,0.38060973612157656,0,False,True
3143000.0,-0.3005292237868146,0.07109178222544127,-0.5735274753791311,0.2987914817343836,1,0,0,0,1,-0.8184209354752977,0,False,True
3129000.0,0.19598684998246296,0.07109178222544127,-0.5735274753791311,-0.9884919771212606,1,0,1,0,0,-0.8184209354752977,0,False,True
3118850.0,-1.349450617820002,0.07109178222544127,-0.5735274753791311,-0.9884919771212606,1,0,0,0,0,-0.8184209354752977,1,True,False
3115000.0,-1.0490459179113538,0.07109178222544127,-0.5735274753791311,-0.9884919771212606,0,0,0,0,1,-0.8184209354752977,0,False,True
3115000.0,-0.6248864579074482,0.07109178222544127,-0.5735274753791311,0.2987914817343836,1,0,0,0,0,-0.8184209354752977,0,False,True
3115000.0,-0.7995403532031741,-1.363909007139952,-0.5735274753791311,-0.9884919771212606,1,0,0,0,0,-0.8184209354752977,0,False,True
3087000.0,1.4959108421120793,-1.363909007139952,-0.5735274753791311,-0.9884919771212606,1,0,0,0,0,0.38060973612157656,0,False,True
3080000.0,-0.07098410425528932,-1.363909007139952,-0.5735274753791311,-0.9884919771212606,1,0,1,0,1,-0.8184209354752977,0,False,True
3080000.0,-1.4682152666210957,0.07109178222544127,-0.5735274753791311,0.2987914817343836,0,0,1,0,0,-0.8184209354752977,0,True,False
3080000.0,-1.0041349162638813,-1.363909007139952,-0.5735274753791311,-0.9884919771212606,1,1,1,0,0,-0.8184209354752977,0,False,True
3080000.0,-0.3005292237868146,-1.363909007139952,-0.5735274753791311,0.2987914817343836,1,0,0,1,0,0.38060973612157656,0,True,False
3045000.0,-0.6498370143782662,-1.363909007139952,-0.5735274753791311,-0.9884919771212606,1,0,0,0,0,-0.8184209354752977,0,False,True
3010000.0,-1.0041349162638813,0.07109178222544127,-0.5735274753791311,0.2987914817343836,0,0,0,0,0,-0.8184209354752977,0,True,False
3010000.0,-0.9292832468514275,0.07109178222544127,-0.5735274753791311,0.2987914817343836,1,0,0,0,0,1.5796404077184507,0,True,False
3010000.0,-1.131382754265053,-1.363909007139952,-0.5735274753791311,-0.9884919771212606,1,0,0,0,0,-0.8184209354752977,0,True,False
3010000.0,-0.2506281108451787,-1.363909007139952,-0.5735274753791311,-0.9884919771212606,1,0,0,0,0,-0.8184209354752977,0,False,False
3010000.0,-0.013098813242991631,0.07109178222544127,-0.5735274753791311,-0.9884919771212606,0,0,0,0,0,-0.8184209354752977,0,False,True
3010000.0,-0.6747875708490841,0.07109178222544127,-0.5735274753791311,0.2987914817343836,1,0,0,0,0,-0.8184209354752977,0,False,True
3010000.0,-0.7346689063790474,1.5060925715908347,-0.5735274753791311,0.2987914817343836,1,0,0,0,0,2.179155743516888,0,True,False
3003000.0,1.4709602856412611,-1.363909007139952,-0.5735274753791311,-0.9884919771212606,1,0,0,0,0,-0.8184209354752977,0,False,True
2975000.0,-0.3743828709404358,1.5060925715908347,-0.5735274753791311,0.2987914817343836,0,0,0,0,0,0.38060973612157656,0,False,True
2961000.0,-1.0490459179113538,-1.363909007139952,-0.5735274753791311,0.2987914817343836,1,0,0,0,0,-0.8184209354752977,0,True,False
2940000.0,0.37313580092527054,0.07109178222544127,-0.5735274753791311,0.2987914817343836,1,0,1,0,0,0.38060973612157656,0,False,True
2940000.0,-0.07098410425528932,-1.363909007139952,-0.5735274753791311,-0.9884919771212606,1,0,0,0,0,-0.8184209354752977,0,False,True
2940000.0,-0.749639240261538,0.07109178222544127,-0.5735274753791311,0.2987914817343836,0,0,0,0,0,0.38060973612157656,0,False,True
2940000.0,-0.7196985724965566,1.5060925715908347,-0.5735274753791311,0.2987914817343836,0,0,0,0,0,-0.8184209354752977,0,False,True
2940000.0,-0.8095205757915013,0.07109178222544127,-0.5735274753791311,0.2987914817343836,0,0,0,0,0,0.38060973612157656,0,True,False
2940000.0,-1.1987492567362616,-1.363909007139952,-0.5735274753791311,-0.9884919771212606,0,0,0,0,0,-0.8184209354752977,0,False,False
2940000.0,-0.9741942484988998,0.07109178222544127,-0.5735274753791311,0.2987914817343836,0,0,0,0,0,-0.8184209354752977,0,False,True
2940000.0,0.7548793149287855,0.07109178222544127,-0.5735274753791311,0.2987914817343836,1,0,0,0,0,-0.8184209354752977,0,True,False
2870000.0,-1.0290854727346994,-1.363909007139952,-0.5735274753791311,-0.9884919771212606,0,0,0,0,0,-0.8184209354752977,0,False,True
2870000.0,-0.7346689063790474,-1.363909007139952,-0.5735274753791311,-0.9884919771212606,1,0,0,0,0,-0.8184209354752977,0,False,True
2870000.0,0.44798747033772446,-1.363909007139952,-0.5735274753791311,-0.9884919771212606,1,0,0,0,0,-0.8184209354752977,0,True,False
2870000.0,0.1485807926879088,1.5060925715908347,-0.5735274753791311,0.2987914817343836,1,0,0,0,0,-0.8184209354752977,0,False,True
2852500.0,0.048778566804636936,1.5060925715908347,-0.5735274753791311,1.5860749405900276,1,0,0,0,0,-0.8184209354752977,0,False,True
2835000.0,-0.8993425790864459,0.07109178222544127,-0.5735274753791311,0.2987914817343836,0,0,0,0,0,0.38060973612157656,0,True,False
2835000.0,-0.37538089319926854,0.07109178222544127,-0.5735274753791311,0.2987914817343836,0,0,0,1,0,0.38060973612157656,0,False,True
2835000.0,-1.228689924501243,-1.363909007139952,-0.5735274753791311,-0.9884919771212606,0,0,0,0,0,0.38060973612157656,0,False,False
2800000.0,-1.2236998132070795,0.07109178222544127,-0.5735274753791311,0.2987914817343836,1,0,1,0,0,0.38060973612157656,0,False,True
2800000.0,-0.5699952336716487,0.07109178222544127,-0.5735274753791311,-0.9884919771212606,1,0,0,0,0,-0.8184209354752977,0,False,False
2730000.0,0.8471963738708119,-1.363909007139952,-0.5735274753791311,-0.9884919771212606,1,0,0,0,0,-0.8184209354752977,0,False,True
2730000.0,-0.5500347884949943,0.07109178222544127,-0.5735274753791311,0.2987914817343836,1,0,0,0,0,0.38060973612157656,0,False,True
2695000.0,-0.5500347884949943,-1.363909007139952,-0.5735274753791311,-0.9884919771212606,1,0,0,0,0,-0.8184209354752977,0,False,True
2660000.0,-0.5829695230364741,-1.363909007139952,-0.5735274753791311,-0.9884919771212606,1,0,0,0,0,-0.8184209354752977,0,False,True
2660000.0,-1.548057047327713,-1.363909007139952,-0.5735274753791311,0.2987914817343836,1,0,0,0,0,-0.8184209354752977,0,True,False
2660000.0,-0.7346689063790474,0.07109178222544127,3.4466972716514332,0.2987914817343836,0,1,0,0,0,-0.8184209354752977,0,False,True
2660000.0,-1.1488481437946256,0.07109178222544127,-0.5735274753791311,-0.9884919771212606,1,0,0,0,0,-0.8184209354752977,0,False,True
2660000.0,-1.3334822616786786,0.07109178222544127,-0.5735274753791311,-0.9884919771212606,0,0,0,0,0,-0.8184209354752977,0,False,True
2660000.0,-0.8095205757915013,-1.363909007139952,-0.5735274753791311,-0.9884919771212606,1,0,0,0,0,0.38060973612157656,0,True,False
2660000.0,-0.5500347884949943,0.07109178222544127,-0.5735274753791311,-0.9884919771212606,1,0,0,0,0,-0.8184209354752977,0,True,False
2653000.0,-0.9567288589693272,-1.363909007139952,-0.5735274753791311,-0.9884919771212606,1,0,0,0,1,-0.8184209354752977,0,False,True
2653000.0,-0.5500347884949943,0.07109178222544127,-0.5735274753791311,0.2987914817343836,1,0,0,0,1,-0.8184209354752977,0,False,True
2604000.0,-1.0939569195588261,-1.363909007139952,-0.5735274753791311,-0.9884919771212606,0,0,0,0,0,-0.8184209354752977,0,False,True
2590000.0,-0.749639240261538,-1.363909007139952,-0.5735274753791311,-0.9884919771212606,1,0,0,0,0,-0.8184209354752977,0,False,True
2590000.0,-0.3504303367284506,-1.363909007139952,-0.5735274753791311,-0.9884919771212606,1,0,0,0,0,-0.8184209354752977,0,False,True
2590000.0,-0.749639240261538,-1.363909007139952,1.436584898136151,0.2987914817343836,1,0,1,0,0,0.38060973612157656,0,False,False
2520000.0,-1.1089272534413168,0.07109178222544127,-0.5735274753791311,-0.9884919771212606,0,0,0,0,0,-0.8184209354752977,0,False,True
2520000.0,-0.959223914616409,0.07109178222544127,-0.5735274753791311,-0.9884919771212606,0,0,0,0,0,-0.8184209354752977,0,False,True
2520000.0,-1.0490459179113538,-1.363909007139952,-0.5735274753791311,0.2987914817343836,1,0,0,0,0,-0.8184209354752977,0,False,False
2485000.0,-0.3504303367284506,0.07109178222544127,-0.5735274753791311,0.2987914817343836,1,0,0,0,0,-0.8184209354752977,0,False,True
2485000.0,-1.0490459179113538,0.07109178222544127,-0.5735274753791311,0.2987914817343836,0,0,0,0,0,-0.8184209354752977,0,True,False
2450000.0,-0.9442535807339183,0.07109178222544127,-0.5735274753791311,0.2987914817343836,1,0,1,0,0,-0.8184209354752977,0,False,True
2450000.0,-0.9292832468514275,-1.363909007139952,-0.5735274753791311,-0.9884919771212606,0,1,0,0,0,0.38060973612157656,0,False,True
2450000.0,-1.0490459179113538,-1.363909007139952,-0.5735274753791311,-0.9884919771212606,1,0,0,0,0,0.38060973612157656,0,False,True
2450000.0,-0.7995403532031741,-1.363909007139952,-0.5735274753791311,-0.9884919771212606,1,1,0,0,0,-0.8184209354752977,0,False,True
2450000.0,-0.13086543978525245,-1.363909007139952,-0.5735274753791311,0.2987914817343836,1,0,0,0,0,-0.8184209354752977,0,False,True
2450000.0,1.2963063903455354,-1.363909007139952,-0.5735274753791311,-0.9884919771212606,1,0,0,0,0,-0.8184209354752977,0,False,True
2408000.0,-0.7321738507319655,-1.363909007139952,-0.5735274753791311,-0.9884919771212606,0,0,0,0,0,-0.8184209354752977,0,False,True
2380000.0,-1.3110267608549424,0.07109178222544127,-0.5735274753791311,0.2987914817343836,1,0,0,0,0,-0.8184209354752977,0,False,False
2380000.0,-1.1553352884770383,1.5060925715908347,1.436584898136151,0.2987914817343836,1,0,0,0,0,-0.8184209354752977,0,False,False
2380000.0,-0.9173069797454348,-1.363909007139952,-0.5735274753791311,-0.9884919771212606,1,0,0,0,0,-0.8184209354752977,0,False,True
2345000.0,-0.7296787950848838,-1.363909007139952,-0.5735274753791311,-0.9884919771212606,1,0,0,0,0,-0.8184209354752977,0,False,True
2310000.0,-0.959223914616409,-1.363909007139952,-0.5735274753791311,-0.9884919771212606,1,0,0,0,0,-0.8184209354752977,0,False,True
2275000.0,-1.6298948725519962,-1.363909007139952,-0.5735274753791311,-0.9884919771212606,0,0,1,0,0,-0.8184209354752977,0,True,False
2275000.0,-0.5650051223774851,-2.7989097965053453,-0.5735274753791311,-0.9884919771212606,0,0,0,0,0,-0.8184209354752977,0,False,True
2275000.0,-0.5650051223774851,0.07109178222544127,-0.5735274753791311,0.2987914817343836,1,0,1,0,0,-0.8184209354752977,0,False,True
2240000.0,-1.573007603798531,0.07109178222544127,-0.5735274753791311,-0.9884919771212606,0,0,0,1,0,-0.8184209354752977,0,False,True
2233000.0,0.09867967974627287,0.07109178222544127,-0.5735274753791311,-0.9884919771212606,0,0,0,0,1,-0.8184209354752977,1,False,True
2135000.0,-1.0490459179113538,-1.363909007139952,-0.5735274753791311,-0.9884919771212606,0,0,0,0,0,-0.8184209354752977,0,False,True
2100000.0,-1.3484525955611693,0.07109178222544127,-0.5735274753791311,0.2987914817343836,1,0,0,0,0,-0.8184209354752977,0,False,True
2100000.0,-1.0490459179113538,1.5060925715908347,-0.5735274753791311,0.2987914817343836,1,0,0,0,0,-0.8184209354752977,0,False,True
2100000.0,-0.8694019113214644,-1.363909007139952,-0.5735274753791311,-0.9884919771212606,1,0,0,0,0,0.38060973612157656,0,False,True
1960000.0,-0.8394612435564828,2.2235929662735314,-0.5735274753791311,0.2987914817343836,0,0,0,0,0,-0.8184209354752977,0,False,True
1890000.0,-1.697760386152621,0.07109178222544127,-0.5735274753791311,0.2987914817343836,1,0,0,0,0,-0.8184209354752977,0,False,True
1890000.0,-0.7251876949201365,-1.363909007139952,-0.5735274753791311,-0.9884919771212606,1,0,0,0,0,-0.8184209354752977,0,False,True
1855000.0,-1.0540360292055173,-1.363909007139952,-0.5735274753791311,-0.9884919771212606,0,0,0,0,0,0.38060973612157656,0,False,True
1820000.0,-1.0490459179113538,-1.363909007139952,-0.5735274753791311,-0.9884919771212606,1,0,1,0,0,1.5796404077184507,0,False,True
1767150.0,-1.3484525955611693,0.07109178222544127,-0.5735274753791311,-0.9884919771212606,0,0,0,0,0,-0.8184209354752977,0,True,False
1750000.0,-0.7396590176732109,-1.363909007139952,-0.5735274753791311,-0.9884919771212606,1,0,0,0,0,-0.8184209354752977,0,False,True
1750000.0,-1.0939569195588261,0.07109178222544127,-0.5735274753791311,-0.9884919771212606,0,0,0,0,0,-0.8184209354752977,0,False,False
1750000.0,-0.6248864579074482,0.07109178222544127,-0.5735274753791311,0.2987914817343836,1,0,0,0,0,-0.8184209354752977,0,False,True
